,id,text,created_at,final fantasy,retweet_count,reply_count,like_count,quote_count,polarity
49,1601537629526560769,The true revolution of Final Fantasy XVI is that a JRPG protagonist is allowed to have a beard ,2022-12-10T11:21:40.000Z,1.0,0,0,0,0,0.175
144,1601523188554399745,Final Fantasy release date and new trailer close out The Game Awards,2022-12-10T10:24:17.000Z,1.0,0,0,0,0,-0.08787878787878789
177,1601519339961712644,Final Fantasy release date and new trailer close out The Game Awards,2022-12-10T10:09:00.000Z,1.0,0,0,0,0,-0.08787878787878789
526,1601477276956209152,Personal favourite announcements at   Hades II2  Bayonetta Origins3  Hellboy  Web of Wryd4  Earthblade5  Judas6  After Us7  Dead Cells x Castlevania DLC8  Star Wars  Jedi Survivor9  Baldur s Gate III Release Date10  Final Fantasy XVI Release Date,2022-12-10T07:21:51.000Z,1.0,0,1,1,0,-0.06666666666666667
861,1601441666820440064,  THE GAME AWARDS   Official K Livestream  Star Wars  FINAL FANTASY XVI  Hades II  Halsey,2022-12-10T05:00:21.000Z,1.0,0,1,0,0,-0.2
911,1601436796642070529,Final Fantasy XIV Wins Best Community Support,2022-12-10T04:41:00.000Z,1.0,0,0,0,0,0.43333333333333335
923,1601435538266939393,Final Fantasy XIV Wins Best Ongoing Game,2022-12-10T04:36:00.000Z,1.0,0,0,0,0,0.225
967,1601430528238182401,June nd  for Final Fantasy XVI       ,2022-12-10T04:16:05.000Z,1.0,0,0,0,0,0.0
1204,1601407073748910081,Final Fantasy XVI Revenge Trailer Reaction    The Game Awards,2022-12-10T02:42:53.000Z,1.0,0,0,0,0,-0.2
1220,1601405726869446656,Lots of cool trailers at    Judas  Suicide Squad  Kill the Justice League  Star Wars Jedi  Survivor  Death Stranding   Baldurs Gate   The Lords of the Fallen  Armored Core VI  Final Fantasy XVICant wait for DS2  It will probably be my game of the year ,2022-12-10T02:37:32.000Z,1.0,0,0,0,0,-0.01666666666666668
1266,1601400478755360770,Next year for game s have to go up towards Legend of Zelda and Final Fantasy two heavy hitters that s gonna be interesting next year ,2022-12-10T02:16:41.000Z,1.0,0,0,0,0,-0.01666666666666668
1373,1601390911904223232,Final Fantasy XVI voice actors revealed  More in the link ,2022-12-10T01:38:40.000Z,1.0,0,0,0,0,0.25
1911,1601366188126355457,  THE GAME AWARDS   Official K Livestream  Star Wars  FINAL FANTASY XVI  Hades II  Halsey,2022-12-10T00:00:25.000Z,1.0,0,1,0,0,-0.2
2018,1601360246852968449,People are really pissd off that FINAL FANTASY won over Fortnite lol people say who plays that game or what is that gamethis is my response to that,2022-12-09T23:36:49.000Z,1.0,0,1,7,0,0.15
2133,1601354515617583107,My top most anticipated games shown at   Death Stranding   Judas  Armored Core  Final Fantasy XVI  ReplacedWhat are yours  ,2022-12-09T23:14:02.000Z,1.0,0,0,1,0,0.3333333333333333
2358,1601341568085999617,ALERT  Final Fantasy XVI  PS5  Standard Edition is AGAIN up for preorder via for ONLY  69 99    VIN  ,2022-12-09T22:22:35.000Z,1.0,0,0,1,0,0.0
2651,1601329170746859521,From first looks at Death Stranding and Armored Core VI  Fires of Rubicon to release date announcements for Final Fantasy XVI and Street Fighter   did not disappoint  Here s everything that they showed during this year s awards show ,2022-12-09T21:33:20.000Z,1.0,30,4,222,1,0.125
2809,1601322802791223296,Final Fantasy XVI is taking up   of my brain space ,2022-12-09T21:08:01.000Z,1.0,0,0,0,0,0.0
2898,1601319317882417152,Heres everything shown at that Im looking forward to Atomic HeartJudasStar Wars Jedi  SurvivorDeath Stranding Horizon DLCCyberpunk DLCFinal Fantasy Lots of great reveals  but cluttered between lots of filler  still a lot better than last year though ,2022-12-09T20:54:11.000Z,1.0,0,0,0,0,0.43333333333333335
3095,1601311273030889472,Another year  Another opportunity to roll out the  Have you heard of the critically acclaimed MMORPG Final Fantasy XIV that includes a free trial up to level with no restrictions on playtime    copypasta ,2022-12-09T20:22:13.000Z,1.0,0,0,2,0,0.13333333333333333
3152,1601309326660210688,Thank you all for joining me during last night  I can t wait for Final Fantasy XVI  Crash Team Brawl    Idk how to feel about that  Thanks  amp  for the follows  Special thanks to for the raid ,2022-12-09T20:14:29.000Z,1.0,0,0,3,0,0.1514285714285714
3200,1601307557691150336,Have you heard of the critically acclaimed MMORPG Final Fantasy XIV that includes a free trial up to level with no restrictions on playtime ,2022-12-09T20:07:27.000Z,1.0,0,0,2,0,0.13333333333333333
3210,1601307126550630401,My rating for is a  5  It wasn t perfect but it was enjoyable  after the long speeches of Al Pacino and Kratos himself lol  Yeah no huge reveals like many wanted  no Spider Man   no Silk Song but hey we got Final Fantasy XVI so that s cool ,2022-12-09T20:05:44.000Z,1.0,0,1,0,0,0.3625
3222,1601306755262459904,It s fine if your circle is so small  but have you heard of the critically acclaimed MMORPG Final Fantasy XIV that includes a free trial for up to level with no restrictions on playtime ,2022-12-09T20:04:15.000Z,1.0,0,0,1,0,0.11333333333333333
3304,1601304295198294017,Who is Final Fantasy  Fortnite should have won,2022-12-09T19:54:29.000Z,1.0,1,0,2,0,0.0
3432,1601300304581885952,I have had some time to digest it was good here are some highlights HellBoy  Web of WyrdJudasStar Wars Jedi  SurvivorDiablo IVFinal Fantasy XVICyberpunk   Phantom LibertyNever watch these shows for the awards because for the most part I disagree   ,2022-12-09T19:38:37.000Z,1.0,0,1,2,0,0.6
3645,1601292875509256192,Final Fantasy XVI    Revenge  Release Date Trailer   An epic dark fantasy  with striking characters  rich lore and a captivating storyline ,2022-12-09T19:09:06.000Z,1.0,0,0,0,0,0.22083333333333333
3687,1601291861519310848,Final Fantasy XIV won awards at The Game Awards   Best Ongoing Game Best Community Support,2022-12-09T19:05:05.000Z,1.0,0,0,0,0,0.24
3940,1601284351878393858,Games shown at I m looking forward to interested int TraumaScars AboveViewfinderAfter UsReplacedJedi SurvivorEarthbladeDeath Stranding WayfinderSkyBanishersLords of the FallenCrime Boss   Rockay CityFinal Fantasy XVI,2022-12-09T18:35:14.000Z,1.0,0,0,1,0,0.25
4139,1601279961825914880,My game highlights of last night  in no particular order    Atomic Heart  Judas  Bayonetta Origins  Cereza  Hades II  Jedi  Survivor  Diablo IV  Final Fantasy XVI   Death Stranding,2022-12-09T18:17:47.000Z,1.0,0,0,0,0,-0.12083333333333333
4384,1601274984516632576,Top favorite trailers of   Armored Core VI  Fires of Rubicon2  Hades II3  The Lords of the Fallen4  Final Fantasy XVI,2022-12-09T17:58:01.000Z,1.0,0,1,3,0,0.3333333333333333
4529,1601272336845799426,Really enjoyed last night  My personal highlights were Star Wars Jedi Survivor  Blue Procotol  Wayfinder  Hades  amp  Final Fantasy XVI Also loved seeing TLOU cast on stage,2022-12-09T17:47:29.000Z,1.0,0,0,1,0,0.19999999999999998
4570,1601271403596025858,Death Stranding   PS5 Star Wars Jedi Survivor  03 23 Final Fantasy XVI  06 23 Horizon Burning Shores  19 23 Armored Core VI   Crime Boss   Judas Hades,2022-12-09T17:43:47.000Z,1.0,0,0,0,0,0.0
4854,1601263859167551488,    is Yoshi P just making Final Fantasy XIV  Heavensward ,2022-12-09T17:13:48.000Z,1.0,0,0,0,0,0.0
4867,1601263381435990016,I have a handful of reaction videos taken from yesterday s stream  They cover Final Fantasy  Bayonetta Origins  Cereza and the Lost Demon  Dead Cells Return to Castlevania  Crash Team Rumble  Among Us  and The Super Mario Bros  Movie  Links are in the reply ,2022-12-09T17:11:54.000Z,1.0,1,1,1,0,0.04444444444444443
5046,1601259104994963457,My most anticipated game Final Fantasy XVI got a release date at the game awards Final Fantasy XVI will launch for PlayStation on June  ,2022-12-09T16:54:55.000Z,2.0,0,0,2,0,-0.06000000000000001
5343,1601252519703109632,Final Fantasy XVI Launch Date Confirmed ,2022-12-09T16:28:45.000Z,1.0,6,0,7,0,0.2
5372,1601251837864120320,The Game Awards was a snoozefest for the most part Some world premieres were good  others not so Highlights are Tekken   Armored Core VI  Street Fighter    amp  Final Fantasy XVI DS2  IDK  And Sony still refuses to bring Bloodborne to PC Horrible ,2022-12-09T16:26:02.000Z,1.0,0,0,1,0,-0.040000000000000015
5470,1601249623389007873,So far my favourite trailers from were 1  Final Fantasy XVI  who are we kidding here 2  Hades   Star Wars  Jedi Survivor4  Death Stranding   Judas6  Bayonetta Origins7  Replaced8  Banishers  Ghosts of New Eden8  Viewfinder9  Hellboy,2022-12-09T16:17:14.000Z,1.0,0,1,2,0,0.07878787878787878
5586,1601246758478061569,games I m excited about shown at this year s   Final Fantasy   Hades   Star Wars Jedi  Survivor4  Death Stranding   Baldur s Gate   Crime Boss  Rockay City7  Space Marine   Replaced9  Post Trauma10  Suicide Squad  Kill The Justice League,2022-12-09T16:05:51.000Z,1.0,0,1,3,0,0.1875
5818,1601240732463161345,Big takeaways  Hades     Holy shit  Judas  which looks very cool  Armored Core   Earthblade looks so good June is a STACKED month   Street Fighter   Diablo   Final Fantasy oh my ,2022-12-09T15:41:54.000Z,1.0,0,0,3,0,0.19099999999999998
5840,1601240221609099265,Finally caught up with the   I did not expect to see so many interesting games  These are the ones I will defo keep an eye on  Horizon DLC  obvs Final Fantasy XVIScars aboveArmored coreLords of the fallenBanishers ghosts of New edenJudasNightingale,2022-12-09T15:39:53.000Z,1.0,0,1,4,0,0.22727272727272724
6109,1601233947509198848,the last night event was so awesome and Im looking forward for Final Fantasy XVI  thank you Yoshi P     also Star Wars Jedi  Survivor given Ive played Fallen Order and I loved it ,2022-12-09T15:14:57.000Z,1.0,0,0,0,0,0.425
6295,1601230352973897728,Jedi Survivor LRG EditionStreet Fighter CEBaldurs Gate CEFinal Fantasy CEI is broke  Thank you,2022-12-09T15:00:40.000Z,1.0,0,3,10,0,0.0
6400,1601228772883451905,My picks Armored Core Final Fantasy Warhammer K  Space Marine Remnant Transformers ReactivateBlue Protocol  Anime Style WayfinderDiablo Tekken ReplacedForspokenSuicide SquadJedi Survivor,2022-12-09T14:54:23.000Z,1.0,2,0,4,0,0.0
6942,1601220282425147392,Tbh was actually fun to watch this year  So many cool games coming out next year  Final Fantasy is deff a day one for me,2022-12-09T14:20:39.000Z,1.0,0,0,0,0,0.22999999999999998
7087,1601217435767656448,Not Final Fantasy XIV winning two awards,2022-12-09T14:09:20.000Z,1.0,0,1,0,0,0.25
7307,1601212816744386562,  Armored Core VI  Final Fantasy XVI  Judas   Death Stranding   Jedi  Survivor   Diablo   Suicide Squad   Earthblade  Bayonetta Origins  Tekken   Horizon Burning Shores  Mario Movie   Street Fighter Best announcements has had in years,2022-12-09T13:50:59.000Z,1.0,0,0,2,0,0.5
7587,1601207135287005184,SQUARE ENIX Announces June   Launch for FINAL FANTASY XVI at The Game Awards,2022-12-09T13:28:24.000Z,1.0,0,0,0,0,-0.2
8035,1601197569627291648,Juego ms esperado  The Legend of Zelda Tears of the Kingdom Final Fantasy XVI Hogwarts Legacy Resident Evil  Starfield,2022-12-09T12:50:24.000Z,1.0,0,0,1,0,-0.5
8059,1601197157071011840,Final Fantasy XVI now has an official release date  June nd  ,2022-12-09T12:48:45.000Z,1.0,0,0,0,0,0.0
8103,1601196232692862976,Final Fantasy XIV remporte l award Best Community Support  ,2022-12-09T12:45:05.000Z,1.0,0,0,0,0,0.5
8158,1601194986481266688,TGA    Final Fantasy   Gets June Release,2022-12-09T12:40:08.000Z,1.0,0,0,1,0,0.0
8274,1601192060153106435,this year have been the best I ve seen yet  loved the trailers and world premieres  specially Death Stranding   Hades   Final Fantasy XVI  Judas and Cereza Every award very well deserved  and a very worthy winner for game of the yearStill sad TMNT got nothing,2022-12-09T12:28:30.000Z,1.0,0,0,2,0,0.22380952380952385
8823,1601180803203215360,fortnite fans getting upset because final fantasy won best community support at the game awards is so stupid  most people who play just fortnite dont understand how powerful a game like ff14 is with its amazing fanbase and developers ,2022-12-09T11:43:46.000Z,1.0,0,0,0,0,0.10000000000000002
8899,1601178921734930432,TODOS LOS ANUNCIOS DE THE GAME AWARDS   DEAT STRANDING   ARMORED CORE   FINAL FANTASY,2022-12-09T11:36:18.000Z,1.0,1,0,1,0,-0.2
8952,1601177538868703232,Prediction for next year s GAME OF THE YEAR NOMINEESTARFIELDSPIDER MAN THE LEGEND OF ZELDA  TEARS OF THE KINGDOMFINAL FANTASY XVIHOGWARTS LEGACYWINNER THE LEGEND OF ZELDA  TEARS OF THE KINGDOM,2022-12-09T11:30:48.000Z,1.0,0,0,2,0,-0.2
8966,1601177178762534913,Death Stranding Star Wars Jedi  Survivor  17 3 23 Diablo IV  6 6 23 Armored Core VI  2023 Final Fantasy XVI  22 6 23 Dune  AwakeningHades IIJudasHellboy  Web of WyrdCrime Boss  Rockay City  28 3 ,2022-12-09T11:29:22.000Z,1.0,2,0,3,0,0.0
9105,1601173895864020992,Trailer   Final Fantasy XVI    ,2022-12-09T11:16:19.000Z,1.0,0,0,0,0,0.0
9631,1601162387838898176,FInal Fantasy will be available on other CONSOLE and Pc after  31 23  Look well the picture below ,2022-12-09T10:30:36.000Z,1.0,0,0,0,1,0.09166666666666667
9660,1601162003640221698,What a wild   From surprise actors  HALSEY  fantastic trailers  and the kid that was immediately suspicious Decided I need to play God of War  I should finish Elden Ring  its hard  Also that Final Fantasy Trailer  New Hades  Yes please  What did you love ,2022-12-09T10:29:04.000Z,1.0,0,1,16,0,0.1407828282828283
9785,1601159383521832960,Gran Turismo Sports RacingFinal Fantasy XIVCommunity SupportOngoingMarvel SnapMobileMario   Rabbids Sparks of HopeSimulation StrategyNibellionCreator of the Year3 ,2022-12-09T10:18:39.000Z,1.0,1,1,5,0,0.0
9924,1601156063298195456, Hades     Death Stranding     Final Fantasy   etc     ,2022-12-09T10:05:28.000Z,1.0,0,0,0,0,0.0
9970,1601155033961467904,ELDEN RING   never any doubt  AMAZING result  lt 3HADES II   cor yes Death Stranding   excite Final Fantasy XVI   looks absolutely amazing  YES I HECKIN  LOVE VIDEO GAMES MAN  might even FINALLY pick up Cyberpunk now we have Idris Elba in it,2022-12-09T10:01:22.000Z,1.0,0,1,3,0,0.34
10061,1601153069404033024,Games which im hyped about at hypedead stranding  Armored core Diablo  Cyberpunk liberty cityVery hyped Final fantasy  Star Wars jedi survive Destiny lightfallNormal hyped Lords of fallen Remnant  Hades  Judas Suicide squad,2022-12-09T09:53:34.000Z,1.0,0,0,0,0,0.0
10281,1601149673095725057,Woke up  made a cup of tea and got caught up on the VGA trailers news Massive congratulations to ______________________________Death Stranding Final Fantasy XVI Jedi Survivor Hades,2022-12-09T09:40:04.000Z,1.0,0,0,2,0,0.0
10295,1601149450553991168,A lot of great games were announced  but these games here are the ones I got most excited for  Death Stranding TEKKEN FINAL FANTASY XVIHorizon Forbidden West  Burning ShoresStar Wars JEDI  SurvivorCrash Team Rumble,2022-12-09T09:39:11.000Z,1.0,0,0,1,0,0.41875
10372,1601148052730888193,Looks like its tome to get back to Final Fantasy ,2022-12-09T09:33:38.000Z,1.0,0,0,1,0,0.0
10857,1601138387813269507,PlayStation announcement predictions at the Reuters    Final Fantasy with release date Reuters  Horizon Forbidden West DLC announcement ndising Death Stranding  nd  Revealed Helldivers  ,2022-12-09T08:55:14.000Z,1.0,1,0,1,0,0.0
11002,1601135818197827585,Final Fantasy Reveals Its Official Release Date,2022-12-09T08:45:01.000Z,1.0,0,0,0,0,0.0
11080,1601134505388974080,Game Reveals that intrigue me Jedi SurvivorDune Awakening Immortals of AveumNightingaleWayfinderDiablo Blue Protocol Global ReleaseTransformers ReactivateBanishers Witcher RemakeLords of the Fallen Armored Core VIWildheartsFinal Fantasy XVIHades II,2022-12-09T08:39:48.000Z,1.0,0,0,1,0,-0.13333333333333333
11314,1601129811543564288,Final Fantasy Reveals A New Revenge Trailer  Pre orders And Launch Date Revealed  at ,2022-12-09T08:21:09.000Z,1.0,0,0,0,0,0.06818181818181818
11363,1601129016768925697,What a good day go wake up as a Final Fantasy Fan today,2022-12-09T08:17:59.000Z,1.0,0,0,4,0,0.35
11459,1601126640251457536,The Game Awards Recap  Final Fantasy    Star Wars Jedi  Survivor   Diablo    And More,2022-12-09T08:08:33.000Z,1.0,0,0,1,0,0.033333333333333326
11460,1601126609196822528,Fortnite lost ongoing game to final Final Fantasy XIV   Bozos,2022-12-09T08:08:25.000Z,1.0,0,0,0,0,-0.13333333333333333
11495,1601125649678471168,Hypest announcements trailers from BanishersDeath Stranding Dead Cells CastlevaniaFinal Fantasy XVI,2022-12-09T08:04:37.000Z,1.0,0,1,1,0,-0.2
11551,1601124281374892034,FINAL FANTASY XVI   Coming to PS5 on June   REVENGE IS A WEAPON,2022-12-09T07:59:10.000Z,1.0,1,0,0,0,0.0
11613,1601123028028776451,New Video In Channel on YouTube  Final Fantasy   The Game Awards ReactionLink ,2022-12-09T07:54:11.000Z,1.0,0,0,0,0,-0.08787878787878789
11671,1601121873592320000,wasss soooo good  New Armored Core  Final Fantasy having proper blood is different and looks to be the best yet  Nightingale looks fantastic  new transformers give naow  Space Marine showing it s stuff  shall be goodddddddddddd,2022-12-09T07:49:36.000Z,1.0,0,0,1,0,0.29659090909090907
11782,1601119421900414977,How does an outsider react to the new Final Fantasy XVI trailer  Here s how    because I reacted to it   Link is in the reply ,2022-12-09T07:39:52.000Z,1.0,0,1,1,0,0.06818181818181818
11839,1601118066020159488,Square Enix has revealed that Final Fantasy XVI will launch on June nd ,2022-12-09T07:34:28.000Z,1.0,1,0,1,0,0.0
11890,1601117131881721857,Final Fantasy XVI looks like it s going to be the best entry in a LONG time  certainly since FFX  Based on that trailer last night I think it could very well be one of the best  SO excited for this  they have nailed every frame we ve seen of the game so far,2022-12-09T07:30:46.000Z,1.0,0,1,3,1,0.2439285714285714
12263,1601110130632036352,Tekken gonna pop offDeath stranding gonna be a tripHades II let s fucking goooooFinal Fantasy XVI just EpicAll around I am pleased,2022-12-09T07:02:56.000Z,1.0,0,0,0,0,-0.04999999999999999
12274,1601109950503456774,Check out my reaction to the new Final Fantasy XVI  Revenge  TGA Trailer ,2022-12-09T07:02:14.000Z,1.0,0,0,0,0,0.06818181818181818
12449,1601107344070672385,Final Fantasy XVI and Diablo IV launching within a few weeks of each other  Im going to be busy in June Armoured core looks good as well ,2022-12-09T06:51:52.000Z,1.0,0,0,0,0,0.095
12512,1601106576084910080,Everything shown that I m All In on     Armored Core VI  Bayonetta Origins  Blue Protocol   Death Stranding   Final Fantasy XVI  Street Fighter VI  Star Wars Jedi Survivor  Suicide Squad Kill the Justice League  Tekken,2022-12-09T06:48:49.000Z,1.0,0,0,2,0,0.0
12603,1601105354955591681,My highlights on the this year s  Kirby wins Best Family Game Hideo Kojima s DS2 Tekken  FE  Engage DLC  LoZ  Tears of the Kingdom wins Most Anticipated Game New clip of Super Mario Bros  Movie  Final Fantasy XVI Elden Ring wins GotY,2022-12-09T06:43:58.000Z,1.0,0,0,0,0,0.20696969696969694
12645,1601104848182992896,Final Fantasy XVI got release date  exclusive for PS5 after months before coming to other platforms in      ,2022-12-09T06:41:57.000Z,1.0,0,0,0,0,-0.0625
12658,1601104703152353280,That was my favorite so far A few moments really resonated for me  DS2  Diablo   Final Fantasy   and AC6  Next year is,2022-12-09T06:41:22.000Z,1.0,0,1,2,0,0.09999999999999999
12693,1601104283348652033,My Top Highlights From   Star Wars Jedi  Survivor2  Suicide Squad  Kill The Justice League3  Final Fantasy XVI4  Judas5  Warhammer   Space Marine,2022-12-09T06:39:42.000Z,1.0,0,0,0,0,0.25
12795,1601103218263707650,Still vibing with existing stuff that got another look at   Street Fighter   Tekken   Fire Emblem Engage  Final Fantasy XVI  Oddly  Destiny Lightfall ,2022-12-09T06:35:28.000Z,1.0,0,1,8,0,-0.08333333333333333
12813,1601102949476106241,So I have a prediction  Next year the big contenders for GoTY on are gonna be Final Fantasy XVI and Resident Evik Remake ,2022-12-09T06:34:24.000Z,1.0,0,1,0,0,0.0
12957,1601101630883368960,Ngl  never been a huge Final Fantasy guy  I did love back in the day  and the remake was great  But that trailer of has me very interested  plus you can pet a dog  Always a winner,2022-12-09T06:29:10.000Z,1.0,0,0,3,0,0.3375000000000001
13122,1601099264763232257,Leaving the office at  20am after working six and a half years at Square Enix I finally had the chance to help announce the release date of a mainline Final Fantasy game Hope everyone is looking forward to  ,2022-12-09T06:19:46.000Z,1.0,37,53,862,1,-0.14166666666666666
13160,1601098824306417666,Absolutely ECSTATIC for Final Fantasy XVI  Inject that shit into my veins please and thank you ,2022-12-09T06:18:01.000Z,1.0,0,0,0,0,0.0
13171,1601098674695593985,I m probably most excited for  Judas from Ghost Story Ken LevineHorizon Forbidden West  Burning ShoresFinal Fantasy XVIArmored Core VI,2022-12-09T06:17:25.000Z,1.0,0,1,3,1,0.4375
13255,1601097812376109056,My highlightsJudasReplacedHades WayfinderFINAL FANTASY          Dune MMO   NIGHTINGALE   BG3 Release DateDiablo Blue Protocol MMOWH k Space Marine Armored Core Bill ClintonFlute GuyReally excited for Nightingale  amp  FF16,2022-12-09T06:14:00.000Z,1.0,0,1,2,0,0.1875
13344,1601096978590752770,Elden Ring  Best Role Playing Game Best Game Direction Best Art DirectionFinal Fantasy XIV   Best Ongoing Game,2022-12-09T06:10:41.000Z,1.0,0,0,0,0,0.4
13454,1601096014517407745,  TotK  May  Street Fighter  June  Diablo IV  June  Final Fantasy XVI  June  My wallet  amp  time ,2022-12-09T06:06:51.000Z,1.0,0,0,0,0,0.0
13457,1601095992719208448,I didn t watch all of   but here are my  must play  games  cue grabby hands 1  Diablo IV2  Horizon Forbidden West DLC3  Star Wars Jedi Survivor4  Final Fantasy XVI5  Judas6  Baldur s Gate And I ll be checking out that Forspoken Demo ,2022-12-09T06:06:46.000Z,1.0,0,1,1,0,0.0
13598,1601094593810173954,LIVE  Reacting to The Game Awards TrailersDeath Stranding Final Fantasy XVICyberpunk Hades Star Wars Jedi_ SurvivorTekken,2022-12-09T06:01:12.000Z,1.0,0,0,5,0,-0.08787878787878789
13599,1601094588407877633,I ve never played Final Fantasy before  but now I want to,2022-12-09T06:01:11.000Z,1.0,0,0,1,0,0.0
13712,1601093452447379456,Aesthetically speaking this is my favorite Final Fantasy protagonist  Manly AF ,2022-12-09T05:56:40.000Z,1.0,0,0,0,0,0.25
13743,1601092982211751936,Quick list of every major announcement from    Earthblade is very exciting    Final Fantasy still looks p cool  end,2022-12-09T05:54:48.000Z,1.0,0,0,1,0,0.22716666666666666
13779,1601092685397643265,Final Fantasy finally got a release date at TGA    ,2022-12-09T05:53:37.000Z,1.0,1,0,18,0,0.0
13867,1601091773274652674,Final Fantasy is coming on June     Watch the new trailer  titled Revenge  from  ,2022-12-09T05:50:00.000Z,1.0,39,5,213,10,0.06818181818181818
13891,1601091526670442496,Not the biggest final fantasy fan but that new trailer was siiick ,2022-12-09T05:49:01.000Z,1.0,0,1,0,0,0.06818181818181818
14198,1601088325657714694,Okay  Now That Are Over I m Looking Forward To Getting These GamesFinal Fantasy XVITekken Armored Core VIHades Wild HeartsStar Wars Jedi SurvivorAnd Fire Emblem Engage,2022-12-09T05:36:18.000Z,1.0,0,0,1,0,0.3
14531,1601085607086030848,AYOOOO FINAL FANTASY XVI RELEASE DATE  WE ALMOST THERE BOIS  catch me on twitch me on twitter,2022-12-09T05:25:30.000Z,1.0,0,0,0,0,0.0
14634,1601084756946743296,NEW Gameplay TRAILER  OX REACTS Final Fantasy XVI The Game Awards Show,2022-12-09T05:22:07.000Z,1.0,0,0,0,0,-0.08787878787878789
14680,1601084332184981507,MY GAME AWARDS LIVE REACTIONS  DEATH STRANDING   HADES II  NEW MARIO MOVIE CLIP  FINAL FANTASY AND MORE  via,2022-12-09T05:20:26.000Z,1.0,4,2,85,0,0.07454545454545454
14742,1601083779694530561,ALERT  Final Fantasy XVI  PS5  with exclusive steelbook is NOW up for preorder via Best Buy   VIN  Steelbook   69 99   99 99,2022-12-09T05:18:14.000Z,1.0,0,0,2,0,0.5
15131,1601081035068166144,Final Fantasy XVI is going to be insane     ,2022-12-09T05:07:20.000Z,1.0,0,1,2,0,-0.5
15393,1601079500795543552,No way Final Fantasy was a better ongoing than Fortnite,2022-12-09T05:01:14.000Z,1.0,0,1,5,0,0.25
15398,1601079470492127232,highlights for me  SW Jedi Survivor   Armored Cores VI  Diablo IV  Final Fantasy   Warhammer Space Marine   Kevin Conroy as Batman one more time,2022-12-09T05:01:07.000Z,1.0,0,1,1,0,0.25
15680,1601078086337843200,Thank you so much for inviting me to   I had so much fun    which apparently everyone heard because I yelled at the top of my lungs for Final Fantasy XVI lol,2022-12-09T04:55:37.000Z,1.0,0,6,93,0,0.30833333333333335
15703,1601078013768044544,has ended  amp  this is the best Game Awards show  like ever  Here are my favorite World Premiers  Final Fantasy XVI Tekken  Horizon Forbidden West DLC Star Wars Jedi  SurvivorFFXVI was the highlight  Ima watch that trailer countless times everyday ,2022-12-09T04:55:19.000Z,1.0,0,0,5,0,0.15000000000000002
15709,1601077972240601088,Yes    Final Fantasy  ,2022-12-09T04:55:09.000Z,1.0,0,0,1,0,0.0
15764,1601077771731873792,Big props to for the greatest show ever  Really really impressed with this year s production  I m still reeling from that Final Fantasy XVI trailer,2022-12-09T04:54:22.000Z,1.0,0,0,1,0,0.5
15772,1601077737820549125,ALERT  Revenge is a weapon  I sometimes wonder if I am controlling it or if its controlling me Final Fantasy XVI launches June nd  on PlayStation    VIN  ,2022-12-09T04:54:13.000Z,1.0,1,0,2,1,0.0
15786,1601077678538313728,Watched Another Amazing sight and sounds of   With the reveals of Tekken   Jedi Survivor  Final Fantasy XVI  and Many More Elden Ring won GOTY  amp  I m so happy I just wanted to get that for Christmas  I hope So ,2022-12-09T04:53:59.000Z,1.0,0,0,0,0,0.4800000000000001
15985,1601076869079916544,Top Favorite Game Announcements from     Death Stranding   Final Fantasy XVI   Armored Core VI4  Star Wars  Jedi Survivor5  Earthblade   Crime Boss7  Banishers  Ghost of New Eden8  Replaced9  Horizon Forbidden West  Burning Shores10  After Us,2022-12-09T04:50:46.000Z,1.0,0,1,0,0,0.14727272727272728
16061,1601076545694859264,Was drinking and watching the   didn t even notice the Elden Ring kid I did enjoy the final fantasy related Ws  but the Elden ring kid did ruin the reward acceptance ,2022-12-09T04:49:29.000Z,1.0,0,0,1,0,0.13333333333333333
16188,1601076070652194817,Final Fantasy REVENGE Trailer Reaction Hades Bayonetta Origins ELDEN RING The Game Awards the best of the game award trailer reactions ,2022-12-09T04:47:36.000Z,1.0,2,0,1,0,0.04999999999999999
16303,1601075645760446465,Street Fighter Diablo Jedi SurvivorArmored CoreDeath Stranding Hades Final FantasyYeah some pretty good reveals this year  and Elden Ring winningGOTY makes it overall A,2022-12-09T04:45:55.000Z,1.0,0,0,0,0,0.2375
16385,1601075407544979457,Every sonic and genshin fan at each others throats and then theres me trying to figure out how in the fuck Fortnite lost Best Ongoing game to Final Fantasy    ,2022-12-09T04:44:58.000Z,1.0,0,0,1,0,0.04999999999999999
16428,1601075233191915522,Personal highlights   Hades   Jedi Survivor  Earthblade  Death Stranding   Cyberpunk DLC  Armored Core   Final Fantasy XVI,2022-12-09T04:44:16.000Z,1.0,0,0,1,0,0.0
16701,1601074210952327171,Fortnite didn t win the best ongoing game either  they lost to Final Fantasy XIV ,2022-12-09T04:40:13.000Z,1.0,0,0,0,0,0.35
16926,1601073499119894528,Game I m hype and looking for to playing   Final Fantasy XVI   Hades II3  Blue Protocol   Replaced   Dead Cells x Castlevania,2022-12-09T04:37:23.000Z,1.0,0,0,1,0,-0.15000000000000002
16931,1601073489896935426,highlights   Remnant LFG      2  Final Fantasy XVI looks incredible3  Cal Kestis looking good4  Judas  Ken Levine is back5  Kevin Conroy as Batman   Christopher Judge is awesome7  Vampire Survivors on my phone   ,2022-12-09T04:37:21.000Z,1.0,0,1,3,0,0.0
17049,1601073186736439301,final fantasy was a good series to win Best community support lowkey especially considering the games recent tractions over the yearsas much as i do not like Fortnite it was a strong contender  with so many of the games collabs to bring ppl back playing it,2022-12-09T04:36:08.000Z,1.0,0,0,0,0,0.36333333333333334
17216,1601072745663844352,Me listening to Close in the Distance knowing Final Fantasy XIV won best ongoing game of the year,2022-12-09T04:34:23.000Z,1.0,0,0,0,0,0.19999999999999998
17264,1601072640780746752,Yall think Fortnite should of won the best outgoing game or Final fantasy,2022-12-09T04:33:58.000Z,1.0,0,0,2,0,0.19999999999999998
17288,1601072581662031872,This year s was overall rough  However least we got solid trailers like a Dead Cells  amp  Castlevania collab  Hellboy  Post Trauma  Hades   Star Wars Jedi Survivor  Earthblade  Genshin teaser  Tekken   Final Fantasy XVI  and Armored Core VI was a nice surprise,2022-12-09T04:33:44.000Z,1.0,0,0,0,0,-1.586032892321652e-17
17440,1601072172067442688,Final Fantasy XVI Launches June Details ,2022-12-09T04:32:06.000Z,1.0,1,0,2,0,0.0
17573,1601071883931496450,im ngl i was a little surprised of final fantasy winning best ongoing game  lowkey thought it was gonna be genshinFortnite had no chance tho,2022-12-09T04:30:58.000Z,1.0,0,1,0,0,0.16875000000000004
17731,1601071581999923200,Juegos de ojo    Armored Core Fires of Rubicon Total Warhammer Spacemarine Final Fantasy XVI Banishers Ghost of new Eden Diablo  Resident Evil  Dead Space Remake Inmortals of Aveum Star Wars Jedi Survivor Hades,2022-12-09T04:29:46.000Z,1.0,0,0,0,0,-0.21272727272727274
17755,1601071544360669186,If I m being honest final fantasy has been around for awhile now even tho I never been into it or probably never will be,2022-12-09T04:29:37.000Z,1.0,0,0,1,0,0.3
17767,1601071518204973058,Hellboy  Jedi Survivor  Hades II  Armored Core  Tekken  Final FantasySolid ass line up of trailers I will not lie,2022-12-09T04:29:31.000Z,1.0,0,0,1,0,0.0
18323,1601070371150913536,Pra mim  esse foi o melhor TGA que j existiu disparado   Hades   Remnant II  Jedi Survivor  Final Fantasy XVI  Armored Core  FFXIV Best Gaming Community  FFXIV Best Ongoing Game  Elden Ring best game direction  Elden Ring Best RPG  Elden Ring GOTY,2022-12-09T04:24:57.000Z,1.0,0,0,1,0,0.4571428571428572
18630,1601069760073998336,Congratulations for the following winners at The Game Awards God of War Ragnarok   Best Action Adventure GameFinal Fantasy XIV   Best Ongoing Game Best Community Support  presented by discord Splatoon   Best Multiplayer Game Marvel Snap   Best Mobile Game,2022-12-09T04:22:31.000Z,1.0,0,0,0,0,0.3181818181818182
18792,1601069454812925952,If you re a gamer  get ready to EAT in  and beyond  because we know there will be delays  My highlights from tonight s show Armored Core VIJudas  D2 LightfallDiablo IVEarthbladeFinal Fantasy XVIHades ReplacedRemnant IIWhat about yours ,2022-12-09T04:21:19.000Z,1.0,3,1,24,0,0.2
18822,1601069403302350848,Can t wait for Final Fantasy XVI ,2022-12-09T04:21:06.000Z,1.0,0,0,0,0,0.0
18962,1601069151690301440,Alguns do anncios do The Game Awards eath Stranding Armored Core VI  Fires of Rubicon  2023 Cyberpunk Phantom Liberty  2023 Crime Boss Rockay City  28 3 23 Crash Team Rumble  2023 Final Fantasy XVI  22 6 23 Diablo IV  6 6 23 ,2022-12-09T04:20:06.000Z,1.0,0,0,0,0,-0.2
18988,1601069112465457152,the bill clinton kid while the final fantasy xvi trailer was playing,2022-12-09T04:19:57.000Z,1.0,42,1,223,0,0.0
19167,1601068805064511488,I just came out of my Twitter hibernation to say Final Fantasy XVI is fucking raw  I cannot wait for this game  my most anticipated game in years  So much faith in Yoshi P ,2022-12-09T04:18:44.000Z,1.0,0,0,0,0,-0.05512820512820513
19347,1601068509563609088,Most awarded games at The Game Awards 6  God of War  Ragnarok 4  Elden Ring 2  Final Fantasy XIV 2  Stray,2022-12-09T04:17:33.000Z,1.0,0,0,0,0,0.033333333333333326
19506,1601068289341652995,What a fun night is  so many great announcements I can t even figure out what I m most excited for Final Fantasy   Armored Core  Blue Protocol World  Wayfinder  Tekken   Death Stranding   SF6  so manyCheck out my full coverage here,2022-12-09T04:16:41.000Z,1.0,0,0,0,0,0.353125
19531,1601068261403131904,The Game Awards was good  Elden Ring won Game of the Year and God of War Ragnark won a lot of awards  So many great game reveals like Tekken   Street Fighter   Suicide Squad where Batman is in the game voiced by Kevin Conroy  R I P  and Final Fantasy XVI ,2022-12-09T04:16:34.000Z,1.0,0,0,0,0,0.04999999999999999
19636,1601068105719250944,Behold  my annual reaction thread for you to catch up on In short preview ELDEN RING GOTY BLUE PROTOCOL HAS MELANIN AND I AM HERE FOR IT JRPGs  robbed again WHAT DO YOU MEAN FINAL FANTASY XVI COMES OUT THE WEEK AFTER MY BIRTHDAY     ,2022-12-09T04:15:57.000Z,1.0,3,2,36,0,-0.078125
19742,1601067935812177920,Top Moments from Hades Armored Core VIDeath Stranding Final Fantasy June  Diablo  6 2023Baldur s Gate  Miyazaki,2022-12-09T04:15:16.000Z,1.0,0,0,0,0,0.25
19749,1601067926337224705,Games Im looking forward to after the announcementseath Stranding Diablo IVArmored Core Final Fantasy JudasJedi SurvivorBlue Protocol,2022-12-09T04:15:14.000Z,1.0,0,1,1,0,0.0
19829,1601067813715968000,was pretty damn good  great announcements and reveals  Congrats to for GOTY  Star Wars and Final Fantasy are a must next year for me ,2022-12-09T04:14:47.000Z,1.0,0,0,0,0,0.35
19871,1601067755897507840,gonna be something else entirely   Spider Man   Zelda Tears Of The Kingdom  Alan Wake   Hogwarts  Jedi Survivor  Forspoken  Starfield  Final Fantasy   Red Fall  Wu Long  Atomic Heart  Lies Of P  Suicide Squad Kill The Justice LeagueEtc,2022-12-09T04:14:34.000Z,1.0,3,1,31,0,-0.0125
20026,1601067552402202625,YES  Very proud of  Final Fantasy XIV Online     for winning 1  Best Community Support2  Best Ongoing Gameat The Game Award      ,2022-12-09T04:13:45.000Z,1.0,0,0,0,0,0.5166666666666667
20079,1601067488909070339,so far  Cyberpunk  Phantom LibertyBlue ProtocolDiablo Final Fantasy Tekken Street Fighter Star Wars Jedi SurvivorBayonetta OriginsArmored Core VI  Fire of RubiconCrime Boss  Rockay CityAnd much moreWere ready ,2022-12-09T04:13:30.000Z,1.0,1,0,3,1,0.125
20152,1601067382537326592,Final Fantasy XVI Release Date Announced With New Trailer,2022-12-09T04:13:05.000Z,1.0,0,0,2,0,0.06818181818181818
20219,1601067314849681408,Mi resumen de lo anunciado    Judas  Death Stranding   Jedi  Survivor  Destiny   Lightfall  Hades II  Diablo IV  Tekken   Horizon Forbidden West  Burning Shores  Lords of the Fallen  Cyberpunk Phantom Liberty  Final Fantasy XVI  Crash Team Rumble,2022-12-09T04:12:48.000Z,1.0,0,0,0,0,0.0
20342,1601067176886095872,HighlightsDeath Stranding Final Fantasy XVI   22 23Star Wars Jedi Survivor   17 23Suicide Squad  25 23Horizon Forbidden West  Burning Shores   19 2023Hades II  Early Access Tekken,2022-12-09T04:12:16.000Z,1.0,21,2,43,1,0.05
20665,1601066828885000192,Final fantasy XVI  Cyberpunk DLC  Judas  the lords of the fallen  Armored Core  all look AMAZING,2022-12-09T04:10:53.000Z,1.0,0,0,0,0,0.30000000000000004
20790,1601066678561157120,Final Fantasy launches on June nd   Square Enix really are treating fans good at the minute,2022-12-09T04:10:17.000Z,1.0,0,1,0,0,0.3
21250,1601066252205694976,God dam so many good games next year  Now what to play    armor core has me feeling tingly and Diablo  Maybe some final fantasy or or or    so many I can t choose ,2022-12-09T04:08:35.000Z,1.0,0,0,0,0,0.33999999999999997
21262,1601066242168610816,honestly  that was a pretty decent show  way better than last years  bar was in hell tbf   Final Fantasy trailer was dope a few other cool looking games  had a good pace  I liked it,2022-12-09T04:08:33.000Z,1.0,0,1,0,0,0.2583333333333333
21370,1601066131191746560,The Game Award allowed YoshiP to introduce a brand new trailer for Final Fantasy XVI titled Revenge  This new trailer showed off Clive fighting with companions and new story elements  Clive is also fighting more Eikons too     ,2022-12-09T04:08:06.000Z,1.0,0,0,0,0,0.08484848484848484
21603,1601065954724618240,Final Fantasy XIV wins Best Ongoing Game AND Best Community Support  wouldn t expect any less,2022-12-09T04:07:24.000Z,1.0,0,0,2,0,0.28888888888888886
21694,1601065886000955392,  Final Fantasy XVI Burns onto Playstation June,2022-12-09T04:07:08.000Z,1.0,0,0,0,0,0.0
21760,1601065841470345216,was awesome  Heres all of the BoyZs favorite games shown at the event Colt Final Fantasy XVIDS2Armored Core VIStar Wars Jedi Survivor,2022-12-09T04:06:57.000Z,1.0,0,2,2,1,0.5
21797,1601065816291540994,Final Fantasy XVI gets a brand new  cinematic trailer  releasing on June      ,2022-12-09T04:06:51.000Z,1.0,1,0,3,0,0.04545454545454545
22583,1601065305358233600,So pretty much Devil May Final Fantasy Cry  At least we have a release date  and the trailer shows why its going to be a M for Mature entry in the FF series  arrives on June    ,2022-12-09T04:04:49.000Z,1.0,0,0,0,0,0.05
22787,1601065185917091841,Elden Ring and God of War straight up stole the night  not saying they didnt deserve it  Each of them received awards  Biggest shocker is that the almost year old final fantasy XIV received awards,2022-12-09T04:04:21.000Z,1.0,0,0,0,0,0.10000000000000002
22954,1601065093734797313,Very happy with results  God of War Ragnarok for narrative and Elden Ring for GOTY were the results I wanted  and I got them Insanely excited for Death Stranding and Final Fantasy  ,2022-12-09T04:03:59.000Z,1.0,3,7,133,0,0.4583333333333333
23233,1601064940995067904,Final Fantasy XVI release date announced at the Game Awards with a new trailer,2022-12-09T04:03:22.000Z,1.0,0,0,2,0,-0.08787878787878789
23387,1601064852172460033,Tekken   SF6 and Final Fantasy   Life is good ,2022-12-09T04:03:01.000Z,1.0,0,0,1,0,0.35
23398,1601064846572732420,Final Fantasy XVI looks great ,2022-12-09T04:03:00.000Z,1.0,0,0,0,0,0.4
23402,1601064845339918340,The visuals of Final Fantasy XIV were unreal ,2022-12-09T04:03:00.000Z,1.0,0,0,0,0,0.0
23558,1601064759742193664,I kinda want to play final fantasy now,2022-12-09T04:02:39.000Z,1.0,0,0,0,0,0.0
23712,1601064686665228288,And finally saving the best for last  Yoshi P in   Final Fantasy XVI release date  Elden Ring wins Game Of The Year  and that s about it  Most are good but some are cringed  See you next year ,2022-12-09T04:02:22.000Z,1.0,0,0,1,0,0.23333333333333328
24151,1601064481257246720,Smiling through the pain of no legend of Zelda news  Final fantasy XVI looks amazing though,2022-12-09T04:01:33.000Z,1.0,0,1,6,0,0.30000000000000004
24847,1601064204819378176,Final fantasy looks good and elden ring deserved GOTY they did amazing,2022-12-09T04:00:27.000Z,1.0,0,0,0,0,0.43333333333333335
25044,1601064139367006213,New Final Fantasy XVI trailer reveals massive Kaiju summon fights   ,2022-12-09T04:00:11.000Z,1.0,16,3,124,1,0.04545454545454545
25109,1601064118664171521,Final Fantasy Trailer Was Epic Game Of The Year Winner,2022-12-09T04:00:06.000Z,1.0,0,0,0,0,-0.10000000000000002
25163,1601064100704161793,PlayStation At   Returnal  PC Horizon Call Of The Mountain  PSVR  Viewfinder  PS5 Destiny Lightfall The Last Of Us  PC  Forspoken Demo  PS5  Death Stranding   PS5 Wayfinder  PS5 Horizon Burning Shores  PS5 Behemoth  PSVR  Final Fantasy XVI  PS5,2022-12-09T04:00:02.000Z,1.0,130,20,820,9,0.0
25413,1601064028302094337,Rcap   Death Stranding exclu PS5 Star Wars Jedi Survivor  03 23 Hades Tekken Suicide Squad  05 23 Final Fantasy XVI  06 23GOTY   Elden Ring,2022-12-09T03:59:45.000Z,1.0,51,15,226,10,0.0
25645,1601063961465475072,Final Fantasy XIV wins Best Ongoing Game at,2022-12-09T03:59:29.000Z,1.0,0,1,0,0,0.225
25963,1601063866586177537,Hades Judas Blue ProtocolRemnantDHL Transformers   Reactivate The Behemoth STAR WARS  JEDI SURVIVORArmored Core VI Final Fantasy XVI,2022-12-09T03:59:06.000Z,1.0,1,0,2,0,0.0
26247,1601063750446059520,Get a look at some jaw dropping boss battles and summons in the action packed new trailer for Final Fantasy   which also revealed the release date of June    ,2022-12-09T03:58:39.000Z,1.0,149,5,631,44,0.07878787878787878
26399,1601063665079562242,Games announced at so farThe Lords of the FallenCrime boss rockacity Cyberpunk phantom liberty DLC Armored Core   Final Fantasy   June,2022-12-09T03:58:18.000Z,1.0,0,0,0,0,0.0
26408,1601063659098107904,The Game Awards Final Fantasy XVI trailer  More in the link ,2022-12-09T03:58:17.000Z,1.0,0,0,0,0,0.033333333333333326
26562,1601063588671520768,Armored Core VI and Final Fantasy XVI were worth the hour wait  Thank you Doritos Pope ,2022-12-09T03:58:00.000Z,1.0,0,0,1,0,0.15
27115,1601063352532635650, sees Final Fantasy trailer a d release date DAYUM       flips table ,2022-12-09T03:57:04.000Z,1.0,0,0,1,0,0.0
27280,1601063310996160512,God Of War sweepingElden Ring winning bigFinal Fantasy having the biggest hype for next year,2022-12-09T03:56:54.000Z,1.0,1,0,1,0,0.25
27475,1601063252527808512,Final Fantasy yessssss please   ,2022-12-09T03:56:40.000Z,1.0,0,0,1,0,0.0
28094,1601063101192806400,THAT FINAL FANTASY XVI TRAILER  AM I RIGHT   ,2022-12-09T03:56:04.000Z,1.0,0,0,1,0,0.14285714285714285
28096,1601063101042155521,PlayStation had a strong presence at    Death stranding reveal  Final Fantasy   and winning countless amount of awards  Xbox has been non existent  Owning that many studios and they still cant make anything lol  They serve no purpose in this industry ,2022-12-09T03:56:04.000Z,1.0,0,1,7,0,0.37222222222222223
28918,1601062956250189825,I m sorry    FINAL FANTASY XVI,2022-12-09T03:55:29.000Z,1.0,1,1,10,0,-0.25
28992,1601062944246476800,The trailer of FINAL FANTASY XVI Releasing June      ,2022-12-09T03:55:26.000Z,1.0,0,0,0,0,0.0
29781,1601062781335527425,Final Fantasy XVI   VENDETTA Trailer on June   as PlayStation exclusive until December  ,2022-12-09T03:54:48.000Z,1.0,1,0,13,0,0.0
29845,1601062755330854919,Armored Core and Final Fantasy had some great cinematic trailers  It s cool that the big two announcements before Game of the Year were Japanese games ,2022-12-09T03:54:41.000Z,1.0,0,1,1,0,0.10714285714285712
29934,1601062715392372737,I really hope Final Fantasy doesn t suck,2022-12-09T03:54:32.000Z,1.0,0,1,1,0,0.1
29992,1601062675500277761,WE HAVE AN OFFICIAL DATE  FINAL FANTASY XVI,2022-12-09T03:54:22.000Z,1.0,19,8,177,0,0.0
29993,1601062674988769280,Confession  Final Fantasy has to be the game universe I know even less than nothing about  Sorry ,2022-12-09T03:54:22.000Z,1.0,0,1,0,0,-0.26666666666666666
